{"sim_GPU":"NVIDIA GeForce GTX 1050 Ti","num_photon":1.0E+9,"SDS_detected_number":[165936,442165,262905,122320,89260,28871,34933],"had_check_CV":1,"sim_time":580.23415119999993,"sim_speed":1.7234421619821403E+6}