{"sim_GPU":"NVIDIA GeForce GTX 1050 Ti","num_photon":1.0E+8,"SDS_detected_number":[82659,73676,26189,11991,9081,2854,3618],"had_check_CV":1,"sim_time":61.1198428,"sim_speed":1.636129862559136E+6}